Month,Dates,Event,Venue,Tier,WC,PL,HGP,PGP,YR,T,J,AR,PA,7YO,6YO,5YO,NS,EQ
August 2026,15-16,,,,,,,,,,,,,,,,
August 2026,22-23,Waitemata SJ Show Hunter Show,Woodhill Sands,,,,,,,,,,,,,NS,EQ,
August 2026,29-30,,,,,,,,,,,,,,,,
September 2026,18-20,Takapoto Showjumping,Takapoto Estate,No Series,,,,,,,,,,,,,,
September 2026,19-20,Nelson Spring Showjumping,Richmond Park,No Series,,,,,,,,,,,,,,
September 2026,19-20,Waitemata SJ Show Hunter Show,Woodhill Sands,,,,,,,,,,,,,NS,EQ,
September 2026,19-20,Feilding IA&P Spring Show,"Manfeild Park, Feilding",Grand Prix,,,,PGP,YR,,J,AR,PA,,,,,
September 2026,25-27,Rotorua Spring Show,Fiber Fresh NEC Taupo,Grand Prix,,,HGP,PGP,YR,,J,AR,PA,7YO,6YO,5YO,,
September 2026,26,Northland Mini Circuit 1,Barge Showgrounds,No Series,,,,,,,,,,,,,,
October 2026,3,Northland Mini Circuit 2,Barge Showgrounds,No Series,,,,,,,,,,,,,,
October 2026,3-4,Auckland Spring Show Hunter Show (2 days SH Series),TBC,,,,,,,,,,,,,NS,EQ,
October 2026,3-4,SCNO Area SJ & SH,Waimate,Grand Prix,,,,PGP,YR,,J,AR,PA,7YO,6YO,5YO,NS,EQ
October 2026,10-11,Lets Jump,Fiber Fresh NEC Taupo,No Series,,,,,,,,,,,,,,
October 2026,10-11,Auckland SJ & Waitemata SJ Spring Showjumping Festival,Woodhill Sands,Grand Prix,,,HGP,PGP,YR,,J,AR,PA,,,,,
October 2026,10-11,Southern Canterbury A&P (Equestrian Show),Waimate,Grand Prix,,,,PGP,YR,,J,AR,PA,,,,,
October 2026,10-11,Central Districts Spring Fling,CD Equine Park (Foxton Racecourse),Grand Prix,,,HGP,PGP,YR,,J,AR,PA,7YO,6YO,5YO,NS,EQ
October 2026,14-17,Poverty Bay A&P Association 2026,Poverty Bay A&P Showgrounds,Grand Prix,,,HGP,PGP,YR,,J,AR,PA,7YO,6YO,5YO,NS,EQ
October 2026,16-18,Show Jumping Waikato at Equifest North Island,"Claudelands Event Centre, Hamilton",Grand Prix,,,,,,,J,AR,,,,,,
October 2026,17-18,Otago Show Jumping Spring Show,Otago Taieri Showgrounds,Grand Prix,,,,PGP,YR,,J,AR,PA,,,,NS,EQ
October 2026,17-18,Marlborough Show Jumping (2 days SH Series),Blenheim,Grand Prix,,,HGP,PGP,YR,,J,AR,PA,7YO,6YO,5YO,NS,EQ
October 2026,22-23,Hawkes Bay A&P Society 2026 (2 Days SH Series),Tomoana Showgrounds,Premier,,PL,,PGP,YR,,J,AR,,,,,NS,EQ
October 2026,24-25,Northland Area Grand Prix Show (2 days SH Series),Barge Showgrounds,Grand Prix,,,HGP,PGP,YR,,J,AR,PA,,,,NS,EQ
October 2026,24-25,Bay Of Plenty Show Hunter Spring Show 2026 (2 days SH Series),Rotorua Showgrounds,,,,,,,,,,,,,NS,EQ,
October 2026,24-25,Southland Labour Weekend Show,Gore A & P Showgrounds,Grand Prix,,,,PGP,,,J,AR,PA,,,,,
October 2026,25-26,Wairarapa Area Jumping Championships (2 Days SH Series),Solway Showgrounds,Grand Prix,,,HGP,PGP,YR,,J,AR,PA,7YO,6YO,5YO,NS,EQ
October 2026,25-26,Canterbury Labour Weekend Jumping Carnival,Dunstan Horsefeeds NEC Chch,Grand Prix,,,HGP,PGP,YR,,J,AR,PA,7YO,6YO,5YO,NS,EQ
October 2026,30-31,Ashburton A&P,Ashburton Showgrounds,No Series,,,,,,,,,,,,,,
October 2026,30-1,Showjumping Waikato Show,Takapoto Estate,Grand Prix,,,HGP,PGP,YR,,J,AR,PA,7YO,6YO,5YO,,
October 2026,31-1,Show Hunter Waitemata Summer Series #1 (2 days of Series),Woodhill Sands,,,,,,,,,,,,,NS,EQ,
October 2026,31-1,Wairarapa A & P Show,"Clareville, Wairarapa",Grand Prix,,,HGP,PGP,YR,,J,AR,PA,,,,NS,EQ
November 2026,7-8,Manawatu A&P Association 2026,"Feilding, Manawatu",No Series,,,,,,,,,,,,,,
November 2026,7-8,Waitemata SJ Woodhill Sands Jumping Show,Woodhill Sands,Grand Prix,,,HGP,PGP,YR,,J,AR,PA,,,,,
November 2026,7-8,Southern Canterbury A&P,Waimate,Grand Prix,,,,PGP,YR,,J,AR,PA,,,,,
November 2026,8,Brookby Show Hunter,Papatoetoe PC,,,,,,,,,,,,,NS,EQ,
November 2026,11-13,Canterbury A&P Show,"102 Curletts Road, Hillmorton, Chch",Grand Prix,,,,PGP,YR,,J,AR,PA,,,,,
November 2026,13-14,Central Hawkes Bay A&P Association 2026,26 Mitchell Street Waipukurau,Grand Prix,,,HGP,PGP,YR,,J,AR,PA,,,,NS,EQ
November 2026,13-15,Takapoto WC - WORLD CUP ROUND 1,Takapoto Estate,Premier,WC,,,,,,,,,,,,,
November 2026,14-15,Wanganui A&P Association 2026,Wanganui Racecourse,Grand Prix,,,HGP,PGP,YR,T,J,AR,PA,,,,NS,EQ
November 2026,14-15,Waikato Show Hunter Group Spring Show (2 days SH Series),Fiber Fresh NEC Taupo,,,,,,,,,,,,,NS,EQ,
November 2026,17,Waverley A&P Association 2026,"Dallison Park, Chester Street, Waverley",,,,,,,,,,,,,NS,EQ,
November 2026,20-21,Egmont A&P Association - EQUESTRIAN ONLY (2 days SH Series),"Egmont A&P Showgrounds, Hawera",Grand Prix,,,HGP,PGP,YR,T,J,AR,PA,7YO,6YO,5YO,NS,EQ
November 2026,20-22,Brookby Show Jumping,Papatoetoe Pony Club,Grand Prix,,,HGP,PGP,YR,,J,AR,PA,7YO,6YO,5YO,,
November 2026,21-22,Ashburton Show Jumping and Show Hunter,Ashburton A&P Show Grounds,Grand Prix,,,HGP,PGP,YR,T,J,AR,PA,,,,NS,EQ
November 2026,27,Stratford A&P Show,Stratford A&P grounds,,,,,,,,,,,,,NS,EQ,
November 2026,27-29,Taupo WC - WORLD CUP ROUND 2,Fiber Fresh NEC Taupo,Premier,WC,,HGP,PGP,YR,T,J,AR,PA,7YO,6YO,5YO,,
November 2026,28-29,SCNO Area SJ & SH,Waimate,Grand Prix,,,,PGP,YR,T,J,AR,PA,7YO,6YO,5YO,NS,EQ
November 2026,28-29,Wellington and Horowhenua Show Jumping and Show Hunter Champs (2 days SH Series),Foxton,Grand Prix,,,HGP,PGP,YR,T,J,AR,PA,7YO,6YO,5YO,NS,EQ
December 2026,4-5,Feilding Industrial A&P Association 2026 (2 days SH Series),"Manfeild Park, Feilding",Grand Prix,,,HGP,PGP,YR,T,J,AR,PA,,,,NS,EQ
December 2026,4-6,Canterbury Xmas Cracker (2 days SH Series),Dunstan Horsefeeds NEC Chch,Premier,,PL,,PGP,YR,T,J,AR,PA,7YO,6YO,5YO,NS,EQ
December 2026,5-6,Opotiki Show Jumping and Derby Show,"Racecourse Park, Te Teko",Grand Prix,,,,,YR,,J,AR,PA,,,,,
December 2026,5-6,Waitemata SJ Woodhill Sands Jumping Show,Woodhill Sands,Grand Prix,,,HGP,PGP,YR,T,J,AR,PA,7YO,6YO,5YO,,
December 2026,5-6,Auckland Summer Show Hunter Show (2 days SH Series),Pukekohe Showgrounds,,,,,,,,,,,,,NS,EQ,
December 2026,11-13,Southland Festival Show South Island Championships (2 days SH Series),Gore A & P Showgrounds,Premier,,PL,HGP,PGP,YR,T,J,AR,PA,7YO,6YO,5YO,NS,EQ
December 2026,11-13,Northern Hawkes Bay North Island Championships (2 days SH Series),Tomoana Showgrounds,Premier,,PL,HGP,PGP,YR,T,J,AR,PA,7YO,6YO,5YO,NS,EQ
December 2026,12-13,Northland Show Hunter (2 days of SH Series),Barge Park,,,,,,,,,,,,,NS,EQ,
December 2026,18-20,Auckland Christmas Cracker,Pukekohe A&P Showgrounds,Premier,,PL,HGP,PGP,YR,T,J,AR,PA,7YO,6YO,5YO,,
January 2027,2-3,,,,,,,,,,,,,,,,
January 2027,8-10,Central & Southern Hawkes Bay Jumping & Show Hunter Group - WORLD CUP ROUND 3,Dannevirke A&P Showgrounds,Premier,WC,,,PGP,YR,T,J,AR,PA,7YO,6YO,5YO,NS,EQ
January 2027,9-10,Otago Show Jumping Championship Show (2 days SH Series),Otago Taieri Showgrounds,Grand Prix,,,HGP,PGP,YR,,J,AR,PA,,,,NS,EQ
January 2027,15-17,Larsen Sawmilling Jumping & Show Hunter Trans-Tasman (2 days SH Series),Poverty Bay A&P Showgrounds,Grand Prix,,,HGP,PGP,YR,T,J,AR,PA,7YO,6YO,5YO,NS,EQ
January 2027,16-17,Waitemata SJ Woodhill Sands Jumping Show,Woodhill Sands,Grand Prix,,,HGP,PGP,YR,T,J,AR,PA,7YO,6YO,5YO,,
January 2027,16-17,South Canterbury North Otago Area SJ & SH,Waimate,Grand Prix,,,,PGP,YR,T,J,AR,PA,7YO,6YO,5YO,NS,EQ
January 2027,21-24,"Horowhenua Agricultural, Pastoral & Industrial Association 2027 (2 days SH Series)","Tiro Tiro Road, Levin",Grand Prix,,,,PGP,YR,,,AR,,,,,NS,EQ
January 2027,22-24,Takapoto WC Final - WORLD CUP FINAL,Takapoto Estate,Premier,WC,,,,,,,,,,,,,
January 2027,23,Wairoa Combined Equestrian Sports,TBC,No Series,,,,,,,,,,,,,,
January 2027,23-24,Ashburton Show Jumping and Show Hunter,Ashburton A&P Show Grounds,Grand Prix,,,HGP,PGP,YR,,J,AR,PA,7YO,6YO,5YO,NS,EQ
January 2027,30-31,Eastern Bay Showjumping and Showhunter Show (2 days SH Series),Racecourse Park Te Teko,Grand Prix,,,,PGP,YR,T,J,AR,PA,,,,NS,EQ
January 2027,30-31,Dannevirke District A&P Association 2027,Dannevirke A&P Showgrounds,Grand Prix,,,HGP,PGP,YR,T,J,AR,,,,,,
January 2027,30-31,Oliver Road Queenstown Showjumping Classic,Queenstown,Grand Prix,,,,,YR,T,J,AR,PA,,,,,
February 2027,6-7,Taihape 68th Annual Jumping Show,"Memorial Park, Taihape",Grand Prix,,,HGP,PGP,YR,T,J,AR,PA,7YO,6YO,5YO,,
February 2027,6-7,Waitemata SJ Woodhill Sands Jumping Show,Woodhill Sands,Grand Prix,,,HGP,PGP,YR,T,J,AR,PA,,,,,
February 2027,6-7,Waikato Show Hunter Group Summer Show (2 days SH Series),Fiber Fresh NEC Taupo,,,,,,,,,,,,,NS,EQ,
February 2027,6-7,Marlborough - Nelson Show Jumping (2 days SH Series),Blenheim,Grand Prix,,,HGP,PGP,YR,T,J,AR,PA,7YO,6YO,5YO,NS,EQ
February 2027,12-14,Taranaki Equestrian Grand Prix Show (2 Days SH Series),"Egmont A&P Showgrounds, Hawera",Grand Prix,,,HGP,PGP,YR,T,J,AR,PA,7YO,6YO,5YO,NS,EQ
February 2027,20,Waerenga-O-Kuri Sports,Poverty Bay A&P Showgrounds,,,,,,,,,,,,,NS,EQ,
February 2027,20-21,Southland Circuit Show (2 days SH Series),Gore A & P Showgrounds,Grand Prix,,,HGP,PGP,YR,T,J,AR,PA,,,,NS,EQ
February 2027,20-21,Pukekohe A&P,Pukekohe A&P Showgrounds,Grand Prix,,,,,,,J,AR,PA,,,,,
February 2027,20-21,Feilding IA&P,"Manfeild Park, Feilding",Grand Prix,,,HGP,PGP,YR,T,J,AR,PA,,,,NS,EQ
February 2027,20-21,Waimarino A&P Show,Raetihi,No Series,,,,,,,,,,,,,,
February 2027,23-28,Takapoto Classic,Takapoto Estate,,,,,,,,,,,,,,,
February 2027,27-28,Northland Show Hunter (2 days SH Series),Barge Park,,,,,,,,,,,,,NS,EQ,
February 2027,27-28,Canterbury Championships,Dunstan Horsefeeds NEC Chch,Grand Prix,,,HGP,PGP,YR,T,J,AR,PA,7YO,6YO,5YO,NS,EQ
March 2027,6-7,Waitemata SJ Woodhill Sands Jumping Show,Woodhill Sands,Grand Prix,,,HGP,PGP,,,J,AR,PA,,,,,
March 2027,6-7,Ashburton Autumn Classic (2 days SH Series),Ashburton A&P Show Grounds,Grand Prix,,,HGP,PGP,YR,,J,AR,PA,,,,NS,EQ
March 2027,6-7,Glistening Waters (2 days SH Series),Solway Showgrounds,Grand Prix,,,HGP,PGP,YR,,J,AR,PA,7YO,6YO,5YO,NS,EQ
March 2027,11-14,Hastings Show,Tomoana Showgrounds,Premier,,PL,,PGP,YR,,J,AR,PA,7YO,6YO,5YO,NS,EQ
March 2027,15-17,Pegasus Cup,Takapoto Estate,,,,,,,,,,,,,,,
March 2027,18-21,NZ Nationals Show Jumping & Show Hunter Championships,Dunstan Horsefeeds NEC Chch,Premier,,PL,HGP,PGP,YR,,J,AR,PA,7YO,6YO,5YO,NS,EQ
March 2027,20-21,Brookby Show Jumping,Papatoetoe Pony Club,Grand Prix,,,HGP,PGP,YR,,J,AR,PA,7YO,6YO,5YO,,
March 2027,20-21,Show Hunter Waitemata Summer Series #2 (2 days SH Series),Huapai Pony Club/Kumeu A&P Oval,,,,,,,,,,,,,NS,EQ,
March 2027,26-29,National Young Horse Show - Taupo Show Jumping,Fiber Fresh NEC Taupo,Grand Prix,,,HGP,PGP,YR,,J,AR,PA,7YO,6YO,5YO,,
April 2027,2-4,Kiwi Super Classic,"Manfeild Park, Feilding",,,,,,,,,,,,,,,
April 2027,3-4,Show Hunter Series Finals incorporating SJ Waitemata Derby Championships,Woodhill Sands,,,,,,,,,,,,,NS,EQ,
April 2027,9-11,Kiwi Super Classic,"Marlborough Eq Park, Blenheim",,,,,,,,,,,,,,,
April 2027,16-18,Kiwi Super Classic,"Marlborough Eq Park, Blenheim",,,,,,,,,,,,,,,
April 2027,17-18,Taupo GP Show,Fiber Fresh NEC Taupo,Grand Prix,,,HGP,PGP,YR,,J,AR,PA,7YO,6YO,5YO,,
April 2027,22-24,Jumping Series Finals,Fiber Fresh NEC Taupo,Premier,,PL,HGP,PGP,YR,T,J,AR,PA,7YO,6YO,5YO,,
